PRAGMA foreign_keys=OFF;
BEGIN TRANSACTION;
CREATE TABLE IF NOT EXISTS "django_migrations" ("id" integer NOT NULL PRIMARY KEY AUTOINCREMENT, "app" varchar(255) NOT NULL, "name" varchar(255) NOT NULL, "applied" datetime NOT NULL);
INSERT INTO django_migrations VALUES(1,'contenttypes','0001_initial','2019-10-06 20:36:22.110793');
INSERT INTO django_migrations VALUES(2,'auth','0001_initial','2019-10-06 20:36:22.285349');
INSERT INTO django_migrations VALUES(3,'admin','0001_initial','2019-10-06 20:36:22.466314');
INSERT INTO django_migrations VALUES(4,'admin','0002_logentry_remove_auto_add','2019-10-06 20:36:22.623333');
INSERT INTO django_migrations VALUES(5,'admin','0003_logentry_add_action_flag_choices','2019-10-06 20:36:22.790305');
INSERT INTO django_migrations VALUES(6,'contenttypes','0002_remove_content_type_name','2019-10-06 20:36:22.948052');
INSERT INTO django_migrations VALUES(7,'auth','0002_alter_permission_name_max_length','2019-10-06 20:36:23.105265');
INSERT INTO django_migrations VALUES(8,'auth','0003_alter_user_email_max_length','2019-10-06 20:36:23.273155');
INSERT INTO django_migrations VALUES(9,'auth','0004_alter_user_username_opts','2019-10-06 20:36:23.461946');
INSERT INTO django_migrations VALUES(10,'auth','0005_alter_user_last_login_null','2019-10-06 20:36:23.632952');
INSERT INTO django_migrations VALUES(11,'auth','0006_require_contenttypes_0002','2019-10-06 20:36:23.801122');
INSERT INTO django_migrations VALUES(12,'auth','0007_alter_validators_add_error_messages','2019-10-06 20:36:23.949528');
INSERT INTO django_migrations VALUES(13,'auth','0008_alter_user_username_max_length','2019-10-06 20:36:24.116450');
INSERT INTO django_migrations VALUES(14,'auth','0009_alter_user_last_name_max_length','2019-10-06 20:36:24.248407');
INSERT INTO django_migrations VALUES(15,'auth','0010_alter_group_name_max_length','2019-10-06 20:36:24.404471');
INSERT INTO django_migrations VALUES(16,'auth','0011_update_proxy_permissions','2019-10-06 20:36:24.574285');
INSERT INTO django_migrations VALUES(17,'sessions','0001_initial','2019-10-06 20:36:24.736610');
INSERT INTO django_migrations VALUES(18,'Profile','0001_initial','2019-10-06 23:02:08.884501');
INSERT INTO django_migrations VALUES(19,'Profile','0002_auto_20191006_2305','2019-10-06 23:05:59.038508');
INSERT INTO django_migrations VALUES(20,'landloard','0001_initial','2019-10-06 23:31:26.961759');
INSERT INTO django_migrations VALUES(21,'landloard','0002_hostelplan','2019-10-06 23:37:10.116254');
INSERT INTO django_migrations VALUES(22,'Profile','0003_paymentrequestheaders','2019-10-07 00:55:24.335143');
INSERT INTO django_migrations VALUES(23,'mpesa','0001_initial','2019-10-07 00:55:24.589269');
INSERT INTO django_migrations VALUES(24,'mpesa','0002_auto_20190831_2141','2019-10-07 00:55:24.823046');
INSERT INTO django_migrations VALUES(25,'mpesa','0003_auto_20190831_2214','2019-10-07 00:55:25.015932');
INSERT INTO django_migrations VALUES(26,'mpesa','0004_auto_20190831_2217','2019-10-07 00:55:25.189191');
INSERT INTO django_migrations VALUES(27,'Profile','0004_auto_20191007_0056','2019-10-07 00:56:51.089263');
INSERT INTO django_migrations VALUES(28,'Profile','0005_auto_20191009_1233','2019-10-09 12:33:17.500700');
INSERT INTO django_migrations VALUES(29,'Profile','0006_auto_20191009_1332','2019-10-09 13:32:13.529702');
INSERT INTO django_migrations VALUES(30,'landloard','0003_auto_20191009_1415','2019-10-09 14:15:40.891563');
INSERT INTO django_migrations VALUES(31,'Profile','0007_auto_20191009_1415','2019-10-09 14:15:41.231602');
INSERT INTO django_migrations VALUES(32,'Profile','0008_auto_20191011_0125','2019-10-11 01:25:31.764043');
CREATE TABLE IF NOT EXISTS "auth_group_permissions" ("id" integer NOT NULL PRIMARY KEY AUTOINCREMENT, "group_id" integer NOT NULL REFERENCES "auth_group" ("id") DEFERRABLE INITIALLY DEFERRED, "permission_id" integer NOT NULL REFERENCES "auth_permission" ("id") DEFERRABLE INITIALLY DEFERRED);
CREATE TABLE IF NOT EXISTS "auth_user_groups" ("id" integer NOT NULL PRIMARY KEY AUTOINCREMENT, "user_id" integer NOT NULL REFERENCES "auth_user" ("id") DEFERRABLE INITIALLY DEFERRED, "group_id" integer NOT NULL REFERENCES "auth_group" ("id") DEFERRABLE INITIALLY DEFERRED);
CREATE TABLE IF NOT EXISTS "auth_user_user_permissions" ("id" integer NOT NULL PRIMARY KEY AUTOINCREMENT, "user_id" integer NOT NULL REFERENCES "auth_user" ("id") DEFERRABLE INITIALLY DEFERRED, "permission_id" integer NOT NULL REFERENCES "auth_permission" ("id") DEFERRABLE INITIALLY DEFERRED);
CREATE TABLE IF NOT EXISTS "django_admin_log" ("id" integer NOT NULL PRIMARY KEY AUTOINCREMENT, "action_time" datetime NOT NULL, "object_id" text NULL, "object_repr" varchar(200) NOT NULL, "change_message" text NOT NULL, "content_type_id" integer NULL REFERENCES "django_content_type" ("id") DEFERRABLE INITIALLY DEFERRED, "user_id" integer NOT NULL REFERENCES "auth_user" ("id") DEFERRABLE INITIALLY DEFERRED, "action_flag" smallint unsigned NOT NULL CHECK ("action_flag" >= 0));
INSERT INTO django_admin_log VALUES(1,'2019-10-06 23:07:50.211662','1','Vatican Cots Hostel','[{"added": {}}]',7,1,1);
INSERT INTO django_admin_log VALUES(2,'2019-10-07 00:02:57.958219','1','Vatican Cots Hostel','[{"changed": {"fields": ["your_phone_number"]}}]',7,1,2);
INSERT INTO django_admin_log VALUES(3,'2019-10-08 15:02:56.760697','3','Toast','[{"changed": {"fields": ["is_staff"]}}]',4,1,2);
INSERT INTO django_admin_log VALUES(4,'2019-10-09 00:27:43.072924','3','Toast','[{"changed": {"fields": ["is_superuser"]}}]',4,1,2);
INSERT INTO django_admin_log VALUES(5,'2019-10-09 12:32:21.898502','1','Vatican Cots Hostel','',7,1,3);
INSERT INTO django_admin_log VALUES(6,'2019-10-09 15:10:34.887923','2','Vatican Cots Hostel','',16,1,3);
INSERT INTO django_admin_log VALUES(7,'2019-10-09 15:24:59.103613','3','Vatican Cotts Hostel','',16,1,3);
INSERT INTO django_admin_log VALUES(8,'2019-10-11 01:20:06.482413','1','Ahoro Profile','[{"added": {}}]',8,1,1);
CREATE TABLE IF NOT EXISTS "django_content_type" ("id" integer NOT NULL PRIMARY KEY AUTOINCREMENT, "app_label" varchar(100) NOT NULL, "model" varchar(100) NOT NULL);
INSERT INTO django_content_type VALUES(1,'admin','logentry');
INSERT INTO django_content_type VALUES(2,'auth','permission');
INSERT INTO django_content_type VALUES(3,'auth','group');
INSERT INTO django_content_type VALUES(4,'auth','user');
INSERT INTO django_content_type VALUES(5,'contenttypes','contenttype');
INSERT INTO django_content_type VALUES(6,'sessions','session');
INSERT INTO django_content_type VALUES(7,'Profile','landlordprofile');
INSERT INTO django_content_type VALUES(8,'Profile','tenantprofile');
INSERT INTO django_content_type VALUES(9,'landloard','hostelcontact');
INSERT INTO django_content_type VALUES(10,'landloard','hostelhomepage');
INSERT INTO django_content_type VALUES(11,'landloard','hostelgallary');
INSERT INTO django_content_type VALUES(12,'landloard','hostelservice');
INSERT INTO django_content_type VALUES(13,'landloard','hostelplan');
INSERT INTO django_content_type VALUES(14,'Profile','paymentrequestheaders');
INSERT INTO django_content_type VALUES(15,'mpesa','lnmonline');
INSERT INTO django_content_type VALUES(16,'landloard','landlordprofile');
INSERT INTO django_content_type VALUES(17,'Profile','roomateselection');
CREATE TABLE IF NOT EXISTS "auth_permission" ("id" integer NOT NULL PRIMARY KEY AUTOINCREMENT, "content_type_id" integer NOT NULL REFERENCES "django_content_type" ("id") DEFERRABLE INITIALLY DEFERRED, "codename" varchar(100) NOT NULL, "name" varchar(255) NOT NULL);
INSERT INTO auth_permission VALUES(1,1,'add_logentry','Can add log entry');
INSERT INTO auth_permission VALUES(2,1,'change_logentry','Can change log entry');
INSERT INTO auth_permission VALUES(3,1,'delete_logentry','Can delete log entry');
INSERT INTO auth_permission VALUES(4,1,'view_logentry','Can view log entry');
INSERT INTO auth_permission VALUES(5,2,'add_permission','Can add permission');
INSERT INTO auth_permission VALUES(6,2,'change_permission','Can change permission');
INSERT INTO auth_permission VALUES(7,2,'delete_permission','Can delete permission');
INSERT INTO auth_permission VALUES(8,2,'view_permission','Can view permission');
INSERT INTO auth_permission VALUES(9,3,'add_group','Can add group');
INSERT INTO auth_permission VALUES(10,3,'change_group','Can change group');
INSERT INTO auth_permission VALUES(11,3,'delete_group','Can delete group');
INSERT INTO auth_permission VALUES(12,3,'view_group','Can view group');
INSERT INTO auth_permission VALUES(13,4,'add_user','Can add user');
INSERT INTO auth_permission VALUES(14,4,'change_user','Can change user');
INSERT INTO auth_permission VALUES(15,4,'delete_user','Can delete user');
INSERT INTO auth_permission VALUES(16,4,'view_user','Can view user');
INSERT INTO auth_permission VALUES(17,5,'add_contenttype','Can add content type');
INSERT INTO auth_permission VALUES(18,5,'change_contenttype','Can change content type');
INSERT INTO auth_permission VALUES(19,5,'delete_contenttype','Can delete content type');
INSERT INTO auth_permission VALUES(20,5,'view_contenttype','Can view content type');
INSERT INTO auth_permission VALUES(21,6,'add_session','Can add session');
INSERT INTO auth_permission VALUES(22,6,'change_session','Can change session');
INSERT INTO auth_permission VALUES(23,6,'delete_session','Can delete session');
INSERT INTO auth_permission VALUES(24,6,'view_session','Can view session');
INSERT INTO auth_permission VALUES(25,7,'add_landlordprofile','Can add landlord profile');
INSERT INTO auth_permission VALUES(26,7,'change_landlordprofile','Can change landlord profile');
INSERT INTO auth_permission VALUES(27,7,'delete_landlordprofile','Can delete landlord profile');
INSERT INTO auth_permission VALUES(28,7,'view_landlordprofile','Can view landlord profile');
INSERT INTO auth_permission VALUES(29,8,'add_tenantprofile','Can add tenant profile');
INSERT INTO auth_permission VALUES(30,8,'change_tenantprofile','Can change tenant profile');
INSERT INTO auth_permission VALUES(31,8,'delete_tenantprofile','Can delete tenant profile');
INSERT INTO auth_permission VALUES(32,8,'view_tenantprofile','Can view tenant profile');
INSERT INTO auth_permission VALUES(33,9,'add_hostelcontact','Can add hostel contact');
INSERT INTO auth_permission VALUES(34,9,'change_hostelcontact','Can change hostel contact');
INSERT INTO auth_permission VALUES(35,9,'delete_hostelcontact','Can delete hostel contact');
INSERT INTO auth_permission VALUES(36,9,'view_hostelcontact','Can view hostel contact');
INSERT INTO auth_permission VALUES(37,10,'add_hostelhomepage','Can add hostel home page');
INSERT INTO auth_permission VALUES(38,10,'change_hostelhomepage','Can change hostel home page');
INSERT INTO auth_permission VALUES(39,10,'delete_hostelhomepage','Can delete hostel home page');
INSERT INTO auth_permission VALUES(40,10,'view_hostelhomepage','Can view hostel home page');
INSERT INTO auth_permission VALUES(41,11,'add_hostelgallary','Can add hostel gallary');
INSERT INTO auth_permission VALUES(42,11,'change_hostelgallary','Can change hostel gallary');
INSERT INTO auth_permission VALUES(43,11,'delete_hostelgallary','Can delete hostel gallary');
INSERT INTO auth_permission VALUES(44,11,'view_hostelgallary','Can view hostel gallary');
INSERT INTO auth_permission VALUES(45,12,'add_hostelservice','Can add hostel service');
INSERT INTO auth_permission VALUES(46,12,'change_hostelservice','Can change hostel service');
INSERT INTO auth_permission VALUES(47,12,'delete_hostelservice','Can delete hostel service');
INSERT INTO auth_permission VALUES(48,12,'view_hostelservice','Can view hostel service');
INSERT INTO auth_permission VALUES(49,13,'add_hostelplan','Can add hostel plan');
INSERT INTO auth_permission VALUES(50,13,'change_hostelplan','Can change hostel plan');
INSERT INTO auth_permission VALUES(51,13,'delete_hostelplan','Can delete hostel plan');
INSERT INTO auth_permission VALUES(52,13,'view_hostelplan','Can view hostel plan');
INSERT INTO auth_permission VALUES(53,14,'add_paymentrequestheaders','Can add payment request headers');
INSERT INTO auth_permission VALUES(54,14,'change_paymentrequestheaders','Can change payment request headers');
INSERT INTO auth_permission VALUES(55,14,'delete_paymentrequestheaders','Can delete payment request headers');
INSERT INTO auth_permission VALUES(56,14,'view_paymentrequestheaders','Can view payment request headers');
INSERT INTO auth_permission VALUES(57,15,'add_lnmonline','Can add lnm online');
INSERT INTO auth_permission VALUES(58,15,'change_lnmonline','Can change lnm online');
INSERT INTO auth_permission VALUES(59,15,'delete_lnmonline','Can delete lnm online');
INSERT INTO auth_permission VALUES(60,15,'view_lnmonline','Can view lnm online');
INSERT INTO auth_permission VALUES(61,16,'add_landlordprofile','Can add landlord profile');
INSERT INTO auth_permission VALUES(62,16,'change_landlordprofile','Can change landlord profile');
INSERT INTO auth_permission VALUES(63,16,'delete_landlordprofile','Can delete landlord profile');
INSERT INTO auth_permission VALUES(64,16,'view_landlordprofile','Can view landlord profile');
INSERT INTO auth_permission VALUES(65,17,'add_roomateselection','Can add roomate selection');
INSERT INTO auth_permission VALUES(66,17,'change_roomateselection','Can change roomate selection');
INSERT INTO auth_permission VALUES(67,17,'delete_roomateselection','Can delete roomate selection');
INSERT INTO auth_permission VALUES(68,17,'view_roomateselection','Can view roomate selection');
CREATE TABLE IF NOT EXISTS "auth_user" ("id" integer NOT NULL PRIMARY KEY AUTOINCREMENT, "password" varchar(128) NOT NULL, "last_login" datetime NULL, "is_superuser" bool NOT NULL, "username" varchar(150) NOT NULL UNIQUE, "first_name" varchar(30) NOT NULL, "email" varchar(254) NOT NULL, "is_staff" bool NOT NULL, "is_active" bool NOT NULL, "date_joined" datetime NOT NULL, "last_name" varchar(150) NOT NULL);
INSERT INTO auth_user VALUES(1,'pbkdf2_sha256$150000$UA2jCJh386Bw$k8ufwfbDLeFjTFpw2NVl5nevWt8gbvTs5i5aDPh+lpA=','2019-10-09 15:09:55.222816',1,'user','','',1,1,'2019-10-06 20:37:22.830515','');
INSERT INTO auth_user VALUES(2,'pbkdf2_sha256$150000$vLDykdlxkeLb$UuKl4mDY2lLXmKsur2s72cJdvv/o7w+jU6Prb4pSxD0=',NULL,0,'infweinfiow','','user@g.org',0,1,'2019-10-08 13:43:36.160006','');
INSERT INTO auth_user VALUES(3,'pbkdf2_sha256$150000$nafqe3GffLoB$UKjK+h+cXV1BxxcqDb/0w5w6P+gidmy6MBYxbd5fpPU=','2019-10-09 12:55:33.698353',1,'Toast','','user@g.org',1,1,'2019-10-08 13:44:41','');
INSERT INTO auth_user VALUES(4,'pbkdf2_sha256$150000$bqXDhktRjaut$qw+jYC9mA7HLi5gqaCjwJYndWZMmRFGEHQ+nHq7kQUQ=','2019-10-09 15:08:53.227788',0,'Toast2','','user3@g.org',0,1,'2019-10-08 13:45:47.611517','');
INSERT INTO auth_user VALUES(5,'pbkdf2_sha256$150000$E7bChZY1rBP5$55P3NiTCRH3hxxRVOrZ9wdHExrdmKgU1wdUCsyIaXzE=',NULL,0,'Toast3','','user4@g.org',0,1,'2019-10-08 13:46:18.732080','');
CREATE TABLE IF NOT EXISTS "auth_group" ("id" integer NOT NULL PRIMARY KEY AUTOINCREMENT, "name" varchar(150) NOT NULL UNIQUE);
CREATE TABLE IF NOT EXISTS "django_session" ("session_key" varchar(40) NOT NULL PRIMARY KEY, "session_data" text NOT NULL, "expire_date" datetime NOT NULL);
INSERT INTO django_session VALUES('yd94ey54hzjy0wu0ysh6tr3qs8o95xy9','NDNlYjIzM2ZiM2NhY2E2NzgzYTE3YTQ4ODE1NzY2YjczYzUyOTVlYTp7Il9hdXRoX3VzZXJfaWQiOiIxIiwiX2F1dGhfdXNlcl9iYWNrZW5kIjoiZGphbmdvLmNvbnRyaWIuYXV0aC5iYWNrZW5kcy5Nb2RlbEJhY2tlbmQiLCJfYXV0aF91c2VyX2hhc2giOiJlNDZkMzk4ODFmMDEwOTY3YzNhZjk4NGM1NTZhZDkxYzI2YzdhNjE2In0=','2019-10-22 15:02:42.664779');
INSERT INTO django_session VALUES('95ddqfqt2uye6lszlbs1cfeaabbkaf2x','NDNlYjIzM2ZiM2NhY2E2NzgzYTE3YTQ4ODE1NzY2YjczYzUyOTVlYTp7Il9hdXRoX3VzZXJfaWQiOiIxIiwiX2F1dGhfdXNlcl9iYWNrZW5kIjoiZGphbmdvLmNvbnRyaWIuYXV0aC5iYWNrZW5kcy5Nb2RlbEJhY2tlbmQiLCJfYXV0aF91c2VyX2hhc2giOiJlNDZkMzk4ODFmMDEwOTY3YzNhZjk4NGM1NTZhZDkxYzI2YzdhNjE2In0=','2019-10-23 12:16:59.836146');
INSERT INTO django_session VALUES('bhmo5zpsfa1mus7oioxdzes1yr2l7fah','NDNlYjIzM2ZiM2NhY2E2NzgzYTE3YTQ4ODE1NzY2YjczYzUyOTVlYTp7Il9hdXRoX3VzZXJfaWQiOiIxIiwiX2F1dGhfdXNlcl9iYWNrZW5kIjoiZGphbmdvLmNvbnRyaWIuYXV0aC5iYWNrZW5kcy5Nb2RlbEJhY2tlbmQiLCJfYXV0aF91c2VyX2hhc2giOiJlNDZkMzk4ODFmMDEwOTY3YzNhZjk4NGM1NTZhZDkxYzI2YzdhNjE2In0=','2019-10-23 15:09:55.390658');
CREATE TABLE IF NOT EXISTS "Profile_tenantprofile" ("id" integer NOT NULL PRIMARY KEY AUTOINCREMENT, "full_name" varchar(191) NULL, "phone_number" varchar(191) NULL, "user_picture" varchar(100) NOT NULL, "timestamp" datetime NOT NULL, "user_id" integer NOT NULL UNIQUE REFERENCES "auth_user" ("id") DEFERRABLE INITIALLY DEFERRED);
INSERT INTO Profile_tenantprofile VALUES(1,'Ahoro','254712698982','tenant_profile/app-apple-business-38295_Lj3mgbL.jpg','2019-10-11 01:20:06.481716',1);
CREATE TABLE IF NOT EXISTS "mpesa_lnmonline" ("id" integer NOT NULL PRIMARY KEY AUTOINCREMENT, "fail_merchant_request_id" varchar(150) NOT NULL, "fail_result_code" integer NULL, "fail_result_description" varchar(150) NOT NULL, "merchant_request_id" varchar(20) NULL, "result_code" integer NULL, "result_description" varchar(200) NOT NULL, "saccess_amount" real NULL, "saccess_balance" real NULL, "saccess_mpesa_receipt_number" varchar(20) NOT NULL, "saccess_phone_number" varchar(15) NULL, "saccess_transaction_date" varchar(20) NOT NULL, "success_result_description" varchar(150) NOT NULL, "checkout_request_id" varchar(100) NULL);
CREATE TABLE IF NOT EXISTS "landloard_landlordprofile" ("id" integer NOT NULL PRIMARY KEY AUTOINCREMENT, "hostel_name" varchar(191) NOT NULL, "hostel_location" varchar(191) NULL, "your_full_name" varchar(191) NULL, "your_phone_number" varchar(191) NULL, "your_picture" varchar(100) NOT NULL, "timestamp" datetime NOT NULL, "user_id" integer NOT NULL UNIQUE REFERENCES "auth_user" ("id") DEFERRABLE INITIALLY DEFERRED);
INSERT INTO landloard_landlordprofile VALUES(1,'Vatican Cotts','Rongo University','Kah Di Chienja','0798728372','landlord/glider-toxic_Cpn5FrO.jpg','2019-10-09 14:30:09.958728',3);
INSERT INTO landloard_landlordprofile VALUES(4,'Jersey','Rongo University','Kah Di Chienja','0798728372','landlord/glider-toxic_V790fu6.jpg','2019-10-09 15:25:37.081970',1);
CREATE TABLE IF NOT EXISTS "landloard_hostelcontact" ("id" integer NOT NULL PRIMARY KEY AUTOINCREMENT, "hostel_phone_number" varchar(20) NOT NULL, "hostel_mail" varchar(254) NOT NULL, "payment_method" varchar(191) NULL, "hostel_address" text NOT NULL, "hostel_name_id" integer NOT NULL REFERENCES "landloard_landlordprofile" ("id") DEFERRABLE INITIALLY DEFERRED);
CREATE TABLE IF NOT EXISTS "landloard_hostelgallary" ("id" integer NOT NULL PRIMARY KEY AUTOINCREMENT, "photo_description" text NOT NULL, "photo" varchar(100) NOT NULL, "hostel_name_id" integer NOT NULL REFERENCES "landloard_landlordprofile" ("id") DEFERRABLE INITIALLY DEFERRED);
CREATE TABLE IF NOT EXISTS "landloard_hostelhomepage" ("id" integer NOT NULL PRIMARY KEY AUTOINCREMENT, "welcoming_message" text NOT NULL, "background_image" varchar(100) NOT NULL, "hostel_name_id" integer NOT NULL REFERENCES "landloard_landlordprofile" ("id") DEFERRABLE INITIALLY DEFERRED);
CREATE TABLE IF NOT EXISTS "landloard_hostelplan" ("id" integer NOT NULL PRIMARY KEY AUTOINCREMENT, "single_room_desc" text NOT NULL, "double_room_desc" text NOT NULL, "self_contained" text NOT NULL, "hostel_name_id" integer NOT NULL REFERENCES "landloard_landlordprofile" ("id") DEFERRABLE INITIALLY DEFERRED);
CREATE TABLE IF NOT EXISTS "landloard_hostelservice" ("id" integer NOT NULL PRIMARY KEY AUTOINCREMENT, "security" text NOT NULL, "water_supply" text NOT NULL, "power_supply" text NOT NULL, "bed_size" text NOT NULL, "room_size" text NOT NULL, "table_and_chair_availabitity" text NOT NULL, "hostel_name_id" integer NOT NULL REFERENCES "landloard_landlordprofile" ("id") DEFERRABLE INITIALLY DEFERRED);
CREATE TABLE IF NOT EXISTS "Profile_paymentrequestheaders" ("id" integer NOT NULL PRIMARY KEY AUTOINCREMENT, "merchant_request_id" varchar(100) NOT NULL, "checkout_request_id" varchar(100) NOT NULL, "response_description" varchar(100) NOT NULL, "hostel_name_id" integer NOT NULL REFERENCES "landloard_landlordprofile" ("id") DEFERRABLE INITIALLY DEFERRED, "phone_number_used_for_payment" varchar(100) NOT NULL);
CREATE TABLE IF NOT EXISTS "Profile_roomateselection" ("id" integer NOT NULL PRIMARY KEY AUTOINCREMENT, "user_id" integer NOT NULL UNIQUE REFERENCES "auth_user" ("id") DEFERRABLE INITIALLY DEFERRED, "user_roomate_id" integer NOT NULL UNIQUE REFERENCES "Profile_tenantprofile" ("id") DEFERRABLE INITIALLY DEFERRED);
DELETE FROM sqlite_sequence;
INSERT INTO sqlite_sequence VALUES('django_migrations',32);
INSERT INTO sqlite_sequence VALUES('django_admin_log',8);
INSERT INTO sqlite_sequence VALUES('django_content_type',17);
INSERT INTO sqlite_sequence VALUES('auth_permission',68);
INSERT INTO sqlite_sequence VALUES('auth_user',5);
INSERT INTO sqlite_sequence VALUES('auth_group',0);
INSERT INTO sqlite_sequence VALUES('mpesa_lnmonline',0);
INSERT INTO sqlite_sequence VALUES('landloard_hostelcontact',0);
INSERT INTO sqlite_sequence VALUES('landloard_hostelgallary',0);
INSERT INTO sqlite_sequence VALUES('landloard_hostelhomepage',0);
INSERT INTO sqlite_sequence VALUES('landloard_hostelplan',0);
INSERT INTO sqlite_sequence VALUES('landloard_hostelservice',0);
INSERT INTO sqlite_sequence VALUES('landloard_landlordprofile',4);
INSERT INTO sqlite_sequence VALUES('Profile_tenantprofile',1);
INSERT INTO sqlite_sequence VALUES('Profile_paymentrequestheaders',0);
CREATE UNIQUE INDEX "auth_group_permissions_group_id_permission_id_0cd325b0_uniq" ON "auth_group_permissions" ("group_id", "permission_id");
CREATE INDEX "auth_group_permissions_group_id_b120cbf9" ON "auth_group_permissions" ("group_id");
CREATE INDEX "auth_group_permissions_permission_id_84c5c92e" ON "auth_group_permissions" ("permission_id");
CREATE UNIQUE INDEX "auth_user_groups_user_id_group_id_94350c0c_uniq" ON "auth_user_groups" ("user_id", "group_id");
CREATE INDEX "auth_user_groups_user_id_6a12ed8b" ON "auth_user_groups" ("user_id");
CREATE INDEX "auth_user_groups_group_id_97559544" ON "auth_user_groups" ("group_id");
CREATE UNIQUE INDEX "auth_user_user_permissions_user_id_permission_id_14a6b632_uniq" ON "auth_user_user_permissions" ("user_id", "permission_id");
CREATE INDEX "auth_user_user_permissions_user_id_a95ead1b" ON "auth_user_user_permissions" ("user_id");
CREATE INDEX "auth_user_user_permissions_permission_id_1fbb5f2c" ON "auth_user_user_permissions" ("permission_id");
CREATE INDEX "django_admin_log_content_type_id_c4bce8eb" ON "django_admin_log" ("content_type_id");
CREATE INDEX "django_admin_log_user_id_c564eba6" ON "django_admin_log" ("user_id");
CREATE UNIQUE INDEX "django_content_type_app_label_model_76bd3d3b_uniq" ON "django_content_type" ("app_label", "model");
CREATE UNIQUE INDEX "auth_permission_content_type_id_codename_01ab375a_uniq" ON "auth_permission" ("content_type_id", "codename");
CREATE INDEX "auth_permission_content_type_id_2f476e4b" ON "auth_permission" ("content_type_id");
CREATE INDEX "django_session_expire_date_a5c62663" ON "django_session" ("expire_date");
CREATE INDEX "landloard_hostelcontact_hostel_name_id_847a3e08" ON "landloard_hostelcontact" ("hostel_name_id");
CREATE INDEX "landloard_hostelgallary_hostel_name_id_64172fdc" ON "landloard_hostelgallary" ("hostel_name_id");
CREATE INDEX "landloard_hostelhomepage_hostel_name_id_c302f8b2" ON "landloard_hostelhomepage" ("hostel_name_id");
CREATE INDEX "landloard_hostelplan_hostel_name_id_35743863" ON "landloard_hostelplan" ("hostel_name_id");
CREATE INDEX "landloard_hostelservice_hostel_name_id_cdb81303" ON "landloard_hostelservice" ("hostel_name_id");
CREATE INDEX "Profile_paymentrequestheaders_hostel_name_id_a67e215d" ON "Profile_paymentrequestheaders" ("hostel_name_id");
COMMIT;
